ASSIGNEE_USER_KEY,BODY,COMPLETE_DATE,COMPLETE_USER_KEY,CONTENT_ID,CREATE_DATE,CREATOR_USER_KEY,DUE_DATE,GLOBAL_ID,ID,TASK_STATUS,UPDATE_DATE,SPACE_ID,CONTENT_VISIBLE,SPACE_VISIBLE,PAGE_TITLE
,"<span class=""placeholder-inline-tasks""><code>sudo apt-get purge neo4j-enterprise</code></span>",,,1087537167,2021-09-03 09:22:32.107,8a7f808974d653840174d851981b00da,,31,17,UNCHECKED,2021-09-03 11:27:57.281,249921538,true,true,Neo4j Uninstall
,"<span class=""placeholder-inline-tasks""><code>sudo apt autoremove</code></span>",,,1087537167,2021-09-03 09:22:32.107,8a7f808974d653840174d851981b00da,,32,18,UNCHECKED,2021-09-03 11:27:54.009,249921538,true,true,Neo4j Uninstall
,"<span class=""placeholder-inline-tasks""><code>rm -rf /var/lib/neo4j/</code></span>",,,1087537167,2021-09-03 09:22:32.107,8a7f808974d653840174d851981b00da,,33,19,UNCHECKED,,249921538,true,true,Neo4j Uninstall
,"<span class=""placeholder-inline-tasks""><code>sudo dpkg --list | grep -I jdk </code></span>",,,1087537167,2021-09-03 09:22:32.107,8a7f808974d653840174d851981b00da,,34,20,UNCHECKED,,249921538,true,true,Neo4j Uninstall
,"<span class=""placeholder-inline-tasks""><code>sudo apt-get purge openjdk* </code></span>",,,1087537167,2021-09-03 09:22:32.107,8a7f808974d653840174d851981b00da,,35,21,UNCHECKED,,249921538,true,true,Neo4j Uninstall
,"<span class=""placeholder-inline-tasks""><code>sudo apt-get purge icedtea-* openjdk-* </code></span>",,,1087537167,2021-09-03 09:22:32.107,8a7f808974d653840174d851981b00da,,36,22,UNCHECKED,,249921538,true,true,Neo4j Uninstall
,"<span class=""placeholder-inline-tasks""><code>sudo dpkg --list | grep -I jdk</code></span>",,,1087537167,2021-09-03 09:22:32.107,8a7f808974d653840174d851981b00da,,37,23,UNCHECKED,,249921538,true,true,Neo4j Uninstall
,"<span class=""placeholder-inline-tasks""><strong>Create a Droplet. </strong></span>",,,1093730341,2021-09-13 13:06:06.739,8a7f808974d653840174d851981b00da,,85,1,UNCHECKED,2021-10-01 18:24:48.722,249921538,true,true,Neo4j Deployment Template
,"<span class=""placeholder-inline-tasks""><strong>Create the shell script inside </strong><strong>/</strong><strong>tmp/ folder.</strong></span>",,,1093730341,2021-09-13 13:06:06.739,8a7f808974d653840174d851981b00da,,88,8,UNCHECKED,2021-10-01 18:24:48.768,249921538,true,true,Neo4j Deployment Template
,"<span class=""placeholder-inline-tasks""><strong>Give script 744 permissions to allow executable. </strong></span>",,,1093730341,2021-09-13 13:06:06.739,8a7f808974d653840174d851981b00da,,89,31,UNCHECKED,2021-10-01 18:24:48.784,249921538,true,true,Neo4j Deployment Template
,"<span class=""placeholder-inline-tasks""><strong>Add Tag to the server for getting metrics on Prometheus: node_exporter,prd</strong></span>",,,1093730341,2021-09-13 13:06:06.739,8a7f808974d653840174d851981b00da,,90,32,UNCHECKED,2021-10-01 18:24:48.8,249921538,true,true,Neo4j Deployment Template
,"<span class=""placeholder-inline-tasks""><strong>Install Neo4j-Enterprise.</strong></span>",,,1093730341,2021-09-13 13:06:06.739,8a7f808974d653840174d851981b00da,,91,5,UNCHECKED,2021-10-01 18:24:48.814,249921538,true,true,Neo4j Deployment Template
,"<span class=""placeholder-inline-tasks""><strong>Install stable Neo4j-Enterprise version which is needed. check by “neo4j version“</strong></span>",,,1093730341,2021-09-13 13:06:06.739,8a7f808974d653840174d851981b00da,,92,34,UNCHECKED,2021-10-01 18:24:48.829,249921538,true,true,Neo4j Deployment Template
,"<span class=""placeholder-inline-tasks""><strong>Stop neo4j service for updating neo4j.conf file.</strong></span>",,,1093730341,2021-09-13 13:06:06.739,8a7f808974d653840174d851981b00da,,93,10,UNCHECKED,2021-10-01 18:24:48.843,249921538,true,true,Neo4j Deployment Template
,"<span class=""placeholder-inline-tasks""><strong>Set Max 1024 open files allowed by checking neo4j-admin memrec. (/etc/security/limits.conf) then reboot the server.</strong></span>",,,1093730341,2021-09-13 13:06:06.739,8a7f808974d653840174d851981b00da,,94,35,UNCHECKED,2021-10-01 18:24:48.857,249921538,true,true,Neo4j Deployment Template
,"<span class=""placeholder-inline-tasks""><strong>Copy certs/keys from the core cluster server. into bolt/https folder in (/var/lib/neo4j/certificate/../ bolt /..https /..)</strong></span>",,,1093730341,2021-09-13 13:06:06.739,8a7f808974d653840174d851981b00da,,95,36,UNCHECKED,2021-10-01 18:24:48.871,249921538,true,true,Neo4j Deployment Template
,"<span class=""placeholder-inline-tasks""><strong>Update Neo4j conf.</strong></span>",,,1093730341,2021-09-13 13:06:06.739,8a7f808974d653840174d851981b00da,,96,41,UNCHECKED,2021-10-01 18:24:48.885,249921538,true,true,Neo4j Deployment Template
,"<span class=""placeholder-inline-tasks""><strong>Check/config neo4j-admin memrec for heap/page cache.</strong></span>",,,1093730341,2021-09-13 13:06:06.739,8a7f808974d653840174d851981b00da,,97,19,UNCHECKED,2021-10-01 18:24:48.899,249921538,true,true,Neo4j Deployment Template
,"<span class=""placeholder-inline-tasks""><strong>Make changes to the casual cluster as required core/read_replica and have all server’s public-ip:5000 port.</strong></span>",,,1093730341,2021-09-13 13:06:06.739,8a7f808974d653840174d851981b00da,,98,37,UNCHECKED,2021-10-01 18:24:48.913,249921538,true,true,Neo4j Deployment Template
,"<span class=""placeholder-inline-tasks""><strong>Enable the Prometheus endpoint. Server </strong><strong><u>public-ip:port number</u></strong><strong> (2004)</strong></span>",,,1093730341,2021-09-13 13:06:06.739,8a7f808974d653840174d851981b00da,,100,39,UNCHECKED,2021-10-01 18:24:48.926,249921538,true,true,Neo4j Deployment Template
,"<span class=""placeholder-inline-tasks""><strong>Add additional libraries.</strong></span>",,,1093730341,2021-09-13 13:06:06.739,8a7f808974d653840174d851981b00da,,101,12,UNCHECKED,2021-10-01 18:24:48.941,249921538,true,true,Neo4j Deployment Template
,"<span class=""placeholder-inline-tasks""><strong>Install Apoc library.</strong></span>",,,1093730341,2021-09-13 13:06:06.739,8a7f808974d653840174d851981b00da,,102,42,UNCHECKED,2021-10-01 18:24:48.955,249921538,true,true,Neo4j Deployment Template
,"<span class=""placeholder-inline-tasks""><code>RETURN apoc.version()</code></span>",,,1093730341,2021-09-13 13:06:06.739,8a7f808974d653840174d851981b00da,,103,45,UNCHECKED,2021-10-01 18:24:48.972,249921538,true,true,Neo4j Deployment Template
,"<span class=""placeholder-inline-tasks""><strong>Start service neo4j</strong></span>",,,1093730341,2021-09-13 13:06:06.739,8a7f808974d653840174d851981b00da,,104,24,UNCHECKED,2021-10-01 18:24:48.986,249921538,true,true,Neo4j Deployment Template
,"<span class=""placeholder-inline-tasks""><strong>Validation Steps</strong></span>",,,1093730341,2021-09-13 13:06:06.739,8a7f808974d653840174d851981b00da,,105,43,UNCHECKED,2021-10-01 18:24:49.003,249921538,true,true,Neo4j Deployment Template
,"<span class=""placeholder-inline-tasks""><strong>tail the /var/log/neo4j/debug.log for monitoring.</strong></span>",,,1093730341,2021-09-13 13:06:06.739,8a7f808974d653840174d851981b00da,,106,40,UNCHECKED,2021-10-01 18:24:49.018,249921538,true,true,Neo4j Deployment Template
,"<span class=""placeholder-inline-tasks""><strong>Check all the port are open : netstat -tunlp. </strong></span>",,,1093730341,2021-09-13 13:06:06.739,8a7f808974d653840174d851981b00da,,107,16,UNCHECKED,2021-10-01 18:24:49.034,249921538,true,true,Neo4j Deployment Template
,"<span class=""placeholder-inline-tasks""><strong>Enable neo4j so if server get reboot/restart neo4j service get start.</strong></span>",,,1093730341,2021-09-13 13:06:06.739,8a7f808974d653840174d851981b00da,,108,17,UNCHECKED,2021-10-01 18:24:49.049,249921538,true,true,Neo4j Deployment Template
,"<span class=""placeholder-inline-tasks""><strong>Setup monitoring</strong></span>",,,1093730341,2021-09-13 13:06:06.739,8a7f808974d653840174d851981b00da,,109,44,UNCHECKED,2021-10-01 18:24:49.064,249921538,true,true,Neo4j Deployment Template
,"<span class=""placeholder-inline-tasks""><strong>Add Tags to the server:  neo4j_exporter,prd,prt.</strong></span>",,,1093730341,2021-09-13 13:06:06.739,8a7f808974d653840174d851981b00da,,110,18,UNCHECKED,2021-10-01 18:24:49.079,249921538,true,true,Neo4j Deployment Template
,"<span class=""placeholder-inline-tasks""><strong>Check the server on Prometheus and Grafana.</strong></span>",,,1093730341,2021-09-13 13:06:06.739,8a7f808974d653840174d851981b00da,,111,26,UNCHECKED,2021-10-01 18:24:49.093,249921538,true,true,Neo4j Deployment Template
,"<span class=""placeholder-inline-tasks""><strong>Add this change bolt thread pool in conf file  </strong>”<code>dbms.connector.bolt.thread_pool_keep_alive=1m</code>”</span>",,,1093730341,2021-10-01 18:24:48.629,8a7f808974d653840174d851981b00da,,112,46,UNCHECKED,,249921538,true,true,Neo4j Deployment Template
,"<span class=""placeholder-inline-tasks""><strong>Configure http/https/bolt connection as required.</strong></span>",,,1093730341,2021-10-01 18:24:48.629,8a7f808974d653840174d851981b00da,,113,47,UNCHECKED,,249921538,true,true,Neo4j Deployment Template
,"<span class=""placeholder-inline-tasks""><strong>Add Firewalls.</strong></span>",,,1093730341,2021-09-13 13:06:06.739,8a7f808974d653840174d851981b00da,,86,30,UNCHECKED,2021-10-01 18:24:48.738,249921538,true,true,Neo4j Deployment Template
,"<span class=""placeholder-inline-tasks""><strong>Install Node Exporter.</strong></span>",,,1093730341,2021-09-13 13:06:06.739,8a7f808974d653840174d851981b00da,,87,3,UNCHECKED,2021-10-01 18:24:48.753,249921538,true,true,Neo4j Deployment Template
,"<span class=""placeholder-inline-tasks"">sudo apt-get update</span>",,,1124270081,2021-10-26 11:04:49.252,8a7f808974d653840174d851981b00da,,300,8,UNCHECKED,,249921538,true,true,Restore Backup
,"<span class=""placeholder-inline-tasks"">echo &apos;deb <a href=""https://debian.neo4j.com"">https://debian.neo4j.com</a> stable latest&apos; | sudo tee /etc/apt/sources.list.d/neo4j.list</span>",,,1124270081,2021-10-26 11:04:49.252,8a7f808974d653840174d851981b00da,,299,7,UNCHECKED,,249921538,true,true,Restore Backup
,"<span class=""placeholder-inline-tasks"">wget -O - <a href=""https://debian.neo4j.com/neotechnology.gpg.key"">https://debian.neo4j.com/neotechnology.gpg.key</a> | sudo apt-key add -</span>",,,1124270081,2021-10-26 11:04:49.252,8a7f808974d653840174d851981b00da,,298,6,UNCHECKED,,249921538,true,true,Restore Backup
,"<span class=""placeholder-inline-tasks"">Latest Stable neo4j version commands.</span>",,,1124270081,2021-10-26 11:04:49.252,8a7f808974d653840174d851981b00da,,297,5,UNCHECKED,,249921538,true,true,Restore Backup
,"<span class=""placeholder-inline-tasks"">Follow backup and restore process as neo4j version given in referance link.</span>",,,1124270081,2021-10-26 11:04:49.252,8a7f808974d653840174d851981b00da,,296,4,UNCHECKED,,249921538,true,true,Restore Backup
,"<span class=""placeholder-inline-tasks"">Compressed : <code>tar -pc -C  &quot;/tmp/port_backup/system&quot; . | gzip -v -1 &gt;  &quot;/tmp/port.tar.gz&quot;</code></span>",,,1124270081,2021-10-26 11:04:49.252,8a7f808974d653840174d851981b00da,,295,3,UNCHECKED,,249921538,true,true,Restore Backup
,"<span class=""placeholder-inline-tasks""><code>bin/neo4j-admin backup --backup-dir=/tmp/4.3.2 --database=movies1 --include-metadata=all</code></span>",,,1124270081,2021-10-26 11:04:49.252,8a7f808974d653840174d851981b00da,,294,2,UNCHECKED,,249921538,true,true,Restore Backup
,"<span class=""placeholder-inline-tasks"">Take backup of database and neo4j conf file from core server.</span>",,,1124270081,2021-10-26 11:04:49.252,8a7f808974d653840174d851981b00da,,293,1,UNCHECKED,,249921538,true,true,Restore Backup
,"<span class=""placeholder-inline-tasks"">Update DNS.</span>",,,1124270081,2021-10-26 11:04:49.252,8a7f808974d653840174d851981b00da,,308,16,UNCHECKED,,249921538,true,true,Restore Backup
,"<span class=""placeholder-inline-tasks"">Follow the backup and restore process as neo4j version given in the reference link.</span>",,,1124270081,2021-10-26 11:04:49.252,8a7f808974d653840174d851981b00da,,307,15,UNCHECKED,,249921538,true,true,Restore Backup
,"<span class=""placeholder-inline-tasks"">Un-compressed: <code>tar -xzf port.tar.gz</code></span>",,,1124270081,2021-10-26 11:04:49.252,8a7f808974d653840174d851981b00da,,306,14,UNCHECKED,,249921538,true,true,Restore Backup
,"<span class=""placeholder-inline-tasks""><code>bin/neo4j-admin restore --from=/tmp/4.3.2/movies1 --database=movies1</code></span>",,,1124270081,2021-10-26 11:04:49.252,8a7f808974d653840174d851981b00da,,305,13,UNCHECKED,,249921538,true,true,Restore Backup
,"<span class=""placeholder-inline-tasks"">Restored your backup database on all servers in the cluster.</span>",,,1124270081,2021-10-26 11:04:49.252,8a7f808974d653840174d851981b00da,,304,12,UNCHECKED,,249921538,true,true,Restore Backup
,"<span class=""placeholder-inline-tasks"">service neo4j stop</span>",,,1124270081,2021-10-26 11:04:49.252,8a7f808974d653840174d851981b00da,,303,11,UNCHECKED,,249921538,true,true,Restore Backup
,"<span class=""placeholder-inline-tasks"">service neo4j status</span>",,,1124270081,2021-10-26 11:04:49.252,8a7f808974d653840174d851981b00da,,302,10,UNCHECKED,,249921538,true,true,Restore Backup
,"<span class=""placeholder-inline-tasks"">sudo apt-get install neo4j-enterprise</span>",,,1124270081,2021-10-26 11:04:49.252,8a7f808974d653840174d851981b00da,,301,9,UNCHECKED,,249921538,true,true,Restore Backup
,"<span class=""placeholder-inline-tasks"">Setup the firewall.</span>",,,1126989825,2021-10-14 06:00:51.203,8a7f808974d653840174d851981b00da,,145,429,UNCHECKED,2021-10-14 06:32:30.637,249921538,true,true,Cloud based rolling upgrade
,"<span class=""placeholder-inline-tasks"">Install neo4j with an appropriate configuration</span>",,,1126989825,2021-10-14 06:00:51.203,8a7f808974d653840174d851981b00da,,146,430,UNCHECKED,2021-10-14 06:32:30.647,249921538,true,true,Cloud based rolling upgrade
,"<span class=""placeholder-inline-tasks"">Regular config changes</span>",,,1126989825,2021-10-14 06:00:51.203,8a7f808974d653840174d851981b00da,,147,431,UNCHECKED,2021-10-14 06:32:30.658,249921538,true,true,Cloud based rolling upgrade
,"<span class=""placeholder-inline-tasks"">One node with IPs of all the old and new cluster nodes</span>",,,1126989825,2021-10-14 06:00:51.203,8a7f808974d653840174d851981b00da,,148,432,UNCHECKED,2021-10-14 06:32:30.67,249921538,true,true,Cloud based rolling upgrade
,"<span class=""placeholder-inline-tasks""><strong>Validate cluster state</strong></span>",,,1126989825,2021-10-14 06:00:51.203,8a7f808974d653840174d851981b00da,,151,435,UNCHECKED,2021-10-14 06:32:30.679,249921538,true,true,Cloud based rolling upgrade
,"<span class=""placeholder-inline-tasks""><strong>DNS cut-over</strong></span>",,,1126989825,2021-10-14 06:00:51.203,8a7f808974d653840174d851981b00da,,152,436,UNCHECKED,2021-10-14 06:32:30.691,249921538,true,true,Cloud based rolling upgrade
,,,,1126989825,2021-10-14 06:00:51.203,8a7f808974d653840174d851981b00da,,153,437,UNCHECKED,2021-10-14 06:32:30.699,249921538,true,true,Cloud based rolling upgrade
,"<span class=""placeholder-inline-tasks""><strong>Setup parallel cluster</strong></span>",,,1126989825,2021-10-14 06:32:30.464,8a7f808974d653840174d851981b00da,,171,455,UNCHECKED,,249921538,true,true,Cloud based rolling upgrade
,"<span class=""placeholder-inline-tasks"">Update the apoc library by cp from lib folder to plugin.</span>",,,1126989825,2021-10-14 06:32:30.464,8a7f808974d653840174d851981b00da,,172,456,UNCHECKED,,249921538,true,true,Cloud based rolling upgrade
,"<span class=""placeholder-inline-tasks"">IP changes for cluster migration </span>",,,1126989825,2021-10-14 06:32:30.464,8a7f808974d653840174d851981b00da,,173,457,UNCHECKED,,249921538,true,true,Cloud based rolling upgrade
,"<span class=""placeholder-inline-tasks"">The remaining nodes will have IPs of new cluster nodes only</span>",,,1126989825,2021-10-14 06:32:30.464,8a7f808974d653840174d851981b00da,,174,458,UNCHECKED,,249921538,true,true,Cloud based rolling upgrade
,"<span class=""placeholder-inline-tasks"">Check the logs for any errors</span>",,,1126989825,2021-10-14 06:32:30.464,8a7f808974d653840174d851981b00da,,175,459,UNCHECKED,,249921538,true,true,Cloud based rolling upgrade
,"<span class=""placeholder-inline-tasks"">Access the Neo4j browser interface using the IP of one of the nodes of the newer cluster</span>",,,1126989825,2021-10-14 06:32:30.464,8a7f808974d653840174d851981b00da,,176,460,UNCHECKED,,249921538,true,true,Cloud based rolling upgrade
,"<span class=""placeholder-inline-tasks"">Fire up read queries</span>",,,1126989825,2021-10-14 06:32:30.464,8a7f808974d653840174d851981b00da,,177,461,UNCHECKED,,249921538,true,true,Cloud based rolling upgrade
,"<span class=""placeholder-inline-tasks"">Create droplets.</span>",,,1126989825,2021-10-14 06:00:51.203,8a7f808974d653840174d851981b00da,,144,428,UNCHECKED,2021-10-14 06:32:30.627,249921538,true,true,Cloud based rolling upgrade
,"<span class=""placeholder-inline-tasks"">Update the DNS with IPs of newer cluster nodes.</span>",,,1126989825,2021-10-14 06:32:30.464,8a7f808974d653840174d851981b00da,,178,462,UNCHECKED,,249921538,true,true,Cloud based rolling upgrade
,"<span class=""placeholder-inline-tasks"">Wait for TTL time period(usually 300 secs) then try accessing the Neo4j browser console with DNS and follow the <code>Validate cluster state</code> step.</span>",,,1126989825,2021-10-14 06:32:30.464,8a7f808974d653840174d851981b00da,,179,463,UNCHECKED,,249921538,true,true,Cloud based rolling upgrade
,"<span class=""placeholder-inline-tasks""><strong>Detach the older cluster from the new cluster</strong></span>",,,1126989825,2021-10-14 06:32:30.464,8a7f808974d653840174d851981b00da,,180,464,UNCHECKED,,249921538,true,true,Cloud based rolling upgrade
,"<span class=""placeholder-inline-tasks"">Update the config to remove the IPs of older cluster nodes from the new cluster node</span>",,,1126989825,2021-10-14 06:32:30.464,8a7f808974d653840174d851981b00da,,181,465,UNCHECKED,,249921538,true,true,Cloud based rolling upgrade
,"<span class=""placeholder-inline-tasks"">Neo4j service restart</span>",,,1126989825,2021-10-14 06:32:30.464,8a7f808974d653840174d851981b00da,,182,466,UNCHECKED,,249921538,true,true,Cloud based rolling upgrade
,"<span class=""placeholder-inline-tasks"">Follow the <code>Validate cluster state</code> step.</span>",,,1126989825,2021-10-14 06:32:30.464,8a7f808974d653840174d851981b00da,,183,467,UNCHECKED,,249921538,true,true,Cloud based rolling upgrade
,"<span class=""placeholder-inline-tasks"">Check for files owner has to be neo4j.</span>",,,1134821377,2021-10-20 07:11:47.388,8a7f808974d653840174d851981b00da,,285,579,UNCHECKED,,249921538,true,true,In-Place rolling upgrade
,"<span class=""placeholder-inline-tasks""><strong>Stop Neo4j service on Droplet (one at a time)</strong></span>",,,1134821377,2021-10-20 07:11:47.388,8a7f808974d653840174d851981b00da,,275,455,UNCHECKED,,249921538,true,true,In-Place rolling upgrade
,"<span class=""placeholder-inline-tasks"">Install neo4j latest version with an appropriate configuration</span>",,,1134821377,2021-10-20 07:11:47.388,8a7f808974d653840174d851981b00da,,276,430,UNCHECKED,,249921538,true,true,In-Place rolling upgrade
,"<span class=""placeholder-inline-tasks"">Make Sure to copy the config file to a safe folder.</span>",,,1134821377,2021-10-20 07:11:47.388,8a7f808974d653840174d851981b00da,,277,431,UNCHECKED,,249921538,true,true,In-Place rolling upgrade
,"<span class=""placeholder-inline-tasks""><strong>Validate cluster state</strong></span>",,,1134821377,2021-10-20 07:11:47.388,8a7f808974d653840174d851981b00da,,278,435,UNCHECKED,,249921538,true,true,In-Place rolling upgrade
,"<span class=""placeholder-inline-tasks"">Check the logs for any errors</span>",,,1134821377,2021-10-20 07:11:47.388,8a7f808974d653840174d851981b00da,,279,459,UNCHECKED,,249921538,true,true,In-Place rolling upgrade
,"<span class=""placeholder-inline-tasks"">cat /var/log/neo4j/debug.log | grep &quot;======== Neo4j 4.&quot;</span>",,,1134821377,2021-10-20 07:11:47.388,8a7f808974d653840174d851981b00da,,280,576,UNCHECKED,,249921538,true,true,In-Place rolling upgrade
,"<span class=""placeholder-inline-tasks"">Access the Neo4j browser interface.</span>",,,1134821377,2021-10-20 07:11:47.388,8a7f808974d653840174d851981b00da,,281,460,UNCHECKED,,249921538,true,true,In-Place rolling upgrade
,"<span class=""placeholder-inline-tasks"">Fire up read queries</span>",,,1134821377,2021-10-20 07:11:47.388,8a7f808974d653840174d851981b00da,,282,461,UNCHECKED,,249921538,true,true,In-Place rolling upgrade
,"<span class=""placeholder-inline-tasks""><strong>Upgrade to 4.2 Latest</strong></span>",,,1134821377,2021-10-20 07:11:47.388,8a7f808974d653840174d851981b00da,,283,577,UNCHECKED,,249921538,true,true,In-Place rolling upgrade
,"<span class=""placeholder-inline-tasks"">If needed Update the config by copying from the safe folder.</span>",,,1134821377,2021-10-20 07:11:47.388,8a7f808974d653840174d851981b00da,,284,578,UNCHECKED,,249921538,true,true,In-Place rolling upgrade
,"<span class=""placeholder-inline-tasks"">Neo4j service status</span>",,,1134821377,2021-10-20 07:11:47.388,8a7f808974d653840174d851981b00da,,286,580,UNCHECKED,,249921538,true,true,In-Place rolling upgrade
,"<span class=""placeholder-inline-tasks"">Follow the <code>Validate cluster state</code> step.</span>",,,1134821377,2021-10-20 07:11:47.388,8a7f808974d653840174d851981b00da,,287,581,UNCHECKED,,249921538,true,true,In-Place rolling upgrade
,"<span class=""placeholder-inline-tasks""><strong>Upgrade to 4.3 Latest</strong></span>",,,1134821377,2021-10-20 07:11:47.388,8a7f808974d653840174d851981b00da,,288,464,UNCHECKED,,249921538,true,true,In-Place rolling upgrade
,"<span class=""placeholder-inline-tasks"">Update the config by copying from the safe folder.</span>",,,1134821377,2021-10-20 07:11:47.388,8a7f808974d653840174d851981b00da,,289,465,UNCHECKED,,249921538,true,true,In-Place rolling upgrade
,"<span class=""placeholder-inline-tasks"">Check for files owner has to be neo4j.</span>",,,1134821377,2021-10-20 07:11:47.388,8a7f808974d653840174d851981b00da,,290,582,UNCHECKED,,249921538,true,true,In-Place rolling upgrade
,"<span class=""placeholder-inline-tasks"">Neo4j service restart.</span>",,,1134821377,2021-10-20 07:11:47.388,8a7f808974d653840174d851981b00da,,291,583,UNCHECKED,,249921538,true,true,In-Place rolling upgrade
,"<span class=""placeholder-inline-tasks"">Follow the <code>Validate cluster state</code> step.</span>",,,1134821377,2021-10-20 07:11:47.388,8a7f808974d653840174d851981b00da,,292,467,UNCHECKED,,249921538,true,true,In-Place rolling upgrade
,"<span class=""placeholder-inline-tasks""><strong>Setup parallel cluster</strong></span>",,,1141047298,2021-12-28 06:31:20.229,8a7f808974d653840174d851981b00da,,330,598,UNCHECKED,,249921538,true,true,prt-v2-neo: cloud based rolling Template
,"<span class=""placeholder-inline-tasks"">Fire up read queries</span>",2021-12-28 09:28:52.616,8a7f808974d653840174d851981b00da,1141047298,2021-12-28 06:31:20.229,8a7f808974d653840174d851981b00da,,321,589,CHECKED,,249921538,true,true,prt-v2-neo: cloud based rolling Template
,"<span class=""placeholder-inline-tasks""><strong>Setup parallel cluster</strong></span>",2021-12-29 08:23:40.58,8a7f808974d653840174d851981b00da,1141047298,2021-12-28 06:31:20.229,8a7f808974d653840174d851981b00da,,309,577,CHECKED,,249921538,true,true,prt-v2-neo: cloud based rolling Template
,"<span class=""placeholder-inline-tasks"">Create droplets.</span>",2021-12-28 07:01:31.698,8a7f808974d653840174d851981b00da,1141047298,2021-12-28 06:31:20.229,8a7f808974d653840174d851981b00da,,310,578,CHECKED,,249921538,true,true,prt-v2-neo: cloud based rolling Template
,"<span class=""placeholder-inline-tasks"">Setup the firewall.</span>",2021-12-28 07:06:17.007,8a7f808974d653840174d851981b00da,1141047298,2021-12-28 06:31:20.229,8a7f808974d653840174d851981b00da,,311,579,CHECKED,,249921538,true,true,prt-v2-neo: cloud based rolling Template
,"<span class=""placeholder-inline-tasks"">Install neo4j with an appropriate configuration</span>",2021-12-28 08:03:39.895,8a7f808974d653840174d851981b00da,1141047298,2021-12-28 06:31:20.229,8a7f808974d653840174d851981b00da,,312,580,CHECKED,,249921538,true,true,prt-v2-neo: cloud based rolling Template
,"<span class=""placeholder-inline-tasks"">Regular config changes</span>",2021-12-28 08:03:39.933,8a7f808974d653840174d851981b00da,1141047298,2021-12-28 06:31:20.229,8a7f808974d653840174d851981b00da,,313,581,CHECKED,,249921538,true,true,prt-v2-neo: cloud based rolling Template
,"<span class=""placeholder-inline-tasks"">Update the apoc library by cp from lib folder to plugin.</span>",2021-12-28 08:03:39.945,8a7f808974d653840174d851981b00da,1141047298,2021-12-28 06:31:20.229,8a7f808974d653840174d851981b00da,,314,582,CHECKED,,249921538,true,true,prt-v2-neo: cloud based rolling Template
,"<span class=""placeholder-inline-tasks"">IP changes for cluster migration </span>",2021-12-28 08:32:14.409,8a7f808974d653840174d851981b00da,1141047298,2021-12-28 06:31:20.229,8a7f808974d653840174d851981b00da,,315,583,CHECKED,,249921538,true,true,prt-v2-neo: cloud based rolling Template
,"<span class=""placeholder-inline-tasks"">One node with IPs of all the old and new cluster nodes</span>",2021-12-28 08:32:14.422,8a7f808974d653840174d851981b00da,1141047298,2021-12-28 06:31:20.229,8a7f808974d653840174d851981b00da,,316,584,CHECKED,,249921538,true,true,prt-v2-neo: cloud based rolling Template
,"<span class=""placeholder-inline-tasks"">The remaining nodes will have IPs of new cluster nodes only</span>",2021-12-28 08:32:14.435,8a7f808974d653840174d851981b00da,1141047298,2021-12-28 06:31:20.229,8a7f808974d653840174d851981b00da,,317,585,CHECKED,,249921538,true,true,prt-v2-neo: cloud based rolling Template
,"<span class=""placeholder-inline-tasks""><strong>Validate cluster state</strong></span>",2021-12-28 09:28:52.58,8a7f808974d653840174d851981b00da,1141047298,2021-12-28 06:31:20.229,8a7f808974d653840174d851981b00da,,318,586,CHECKED,,249921538,true,true,prt-v2-neo: cloud based rolling Template
,"<span class=""placeholder-inline-tasks"">Check the logs for any errors</span>",2021-12-28 09:28:52.592,8a7f808974d653840174d851981b00da,1141047298,2021-12-28 06:31:20.229,8a7f808974d653840174d851981b00da,,319,587,CHECKED,,249921538,true,true,prt-v2-neo: cloud based rolling Template
,"<span class=""placeholder-inline-tasks"">Access the Neo4j browser interface using the IP of one of the nodes of the newer cluster</span>",2021-12-28 09:28:52.603,8a7f808974d653840174d851981b00da,1141047298,2021-12-28 06:31:20.229,8a7f808974d653840174d851981b00da,,320,588,CHECKED,,249921538,true,true,prt-v2-neo: cloud based rolling Template
,"<span class=""placeholder-inline-tasks""><strong>DNS cut-over</strong></span>",2021-12-29 11:05:47.318,8a7f808974d653840174d851981b00da,1141047298,2021-12-28 06:31:20.229,8a7f808974d653840174d851981b00da,,322,590,CHECKED,,249921538,true,true,prt-v2-neo: cloud based rolling Template
,"<span class=""placeholder-inline-tasks"">Update the DNS with IPs of newer cluster nodes.</span>",2021-12-29 12:57:40.906,8a7f808974d653840174d851981b00da,1141047298,2021-12-28 06:31:20.229,8a7f808974d653840174d851981b00da,,323,591,CHECKED,,249921538,true,true,prt-v2-neo: cloud based rolling Template
,"<span class=""placeholder-inline-tasks"">Wait for TTL time period(usually 300 secs) then try accessing the Neo4j browser console with DNS and follow the <code>Validate cluster state</code> step.</span>",2021-12-29 12:57:40.919,8a7f808974d653840174d851981b00da,1141047298,2021-12-28 06:31:20.229,8a7f808974d653840174d851981b00da,,324,592,CHECKED,,249921538,true,true,prt-v2-neo: cloud based rolling Template
,"<span class=""placeholder-inline-tasks""><strong>Detach the older cluster from the new cluster</strong></span>",2021-12-29 12:57:48.615,8a7f808974d653840174d851981b00da,1141047298,2021-12-28 06:31:20.229,8a7f808974d653840174d851981b00da,,325,593,CHECKED,,249921538,true,true,prt-v2-neo: cloud based rolling Template
,"<span class=""placeholder-inline-tasks"">Update the config to remove the IPs of older cluster nodes from the new cluster node</span>",2021-12-29 12:57:40.933,8a7f808974d653840174d851981b00da,1141047298,2021-12-28 06:31:20.229,8a7f808974d653840174d851981b00da,,326,594,CHECKED,,249921538,true,true,prt-v2-neo: cloud based rolling Template
,"<span class=""placeholder-inline-tasks"">Neo4j service restart</span>",2021-12-29 12:57:44.65,8a7f808974d653840174d851981b00da,1141047298,2021-12-28 06:31:20.229,8a7f808974d653840174d851981b00da,,327,595,CHECKED,,249921538,true,true,prt-v2-neo: cloud based rolling Template
,"<span class=""placeholder-inline-tasks"">Follow the <code>Validate cluster state</code> step.</span>",2021-12-29 12:57:44.665,8a7f808974d653840174d851981b00da,1141047298,2021-12-28 06:31:20.229,8a7f808974d653840174d851981b00da,,328,596,CHECKED,,249921538,true,true,prt-v2-neo: cloud based rolling Template
,"<span class=""placeholder-inline-tasks""><strong>Stop neo4j service on the older cluster nodes “one at a time“.</strong></span>",2021-12-29 15:25:09.49,8a7f808974d653840174d851981b00da,1141047298,2021-12-28 06:31:20.229,8a7f808974d653840174d851981b00da,,329,597,CHECKED,,249921538,true,true,prt-v2-neo: cloud based rolling Template
,"<span class=""placeholder-inline-tasks"">Create droplets.</span>",,,1141047298,2021-12-28 06:31:20.229,8a7f808974d653840174d851981b00da,,331,599,UNCHECKED,,249921538,true,true,prt-v2-neo: cloud based rolling Template
,"<span class=""placeholder-inline-tasks"">Setup the firewall.</span>",,,1141047298,2021-12-28 06:31:20.229,8a7f808974d653840174d851981b00da,,332,600,UNCHECKED,,249921538,true,true,prt-v2-neo: cloud based rolling Template
,"<span class=""placeholder-inline-tasks"">Install neo4j with an appropriate configuration</span>",,,1141047298,2021-12-28 06:31:20.229,8a7f808974d653840174d851981b00da,,333,601,UNCHECKED,,249921538,true,true,prt-v2-neo: cloud based rolling Template
,"<span class=""placeholder-inline-tasks"">Regular config changes</span>",,,1141047298,2021-12-28 06:31:20.229,8a7f808974d653840174d851981b00da,,334,602,UNCHECKED,,249921538,true,true,prt-v2-neo: cloud based rolling Template
,"<span class=""placeholder-inline-tasks"">Update the apoc library by cp from lib folder to plugin.</span>",,,1141047298,2021-12-28 06:31:20.229,8a7f808974d653840174d851981b00da,,335,603,UNCHECKED,,249921538,true,true,prt-v2-neo: cloud based rolling Template
,"<span class=""placeholder-inline-tasks"">IP changes for cluster migration </span>",,,1141047298,2021-12-28 06:31:20.229,8a7f808974d653840174d851981b00da,,336,604,UNCHECKED,,249921538,true,true,prt-v2-neo: cloud based rolling Template
,"<span class=""placeholder-inline-tasks"">One node with IPs of all the old and new cluster nodes</span>",,,1141047298,2021-12-28 06:31:20.229,8a7f808974d653840174d851981b00da,,337,605,UNCHECKED,,249921538,true,true,prt-v2-neo: cloud based rolling Template
,"<span class=""placeholder-inline-tasks"">The remaining nodes will have IPs of new cluster nodes only</span>",,,1141047298,2021-12-28 06:31:20.229,8a7f808974d653840174d851981b00da,,338,606,UNCHECKED,,249921538,true,true,prt-v2-neo: cloud based rolling Template
,"<span class=""placeholder-inline-tasks""><strong>Validate cluster state</strong></span>",,,1141047298,2021-12-28 06:31:20.229,8a7f808974d653840174d851981b00da,,339,607,UNCHECKED,,249921538,true,true,prt-v2-neo: cloud based rolling Template
,"<span class=""placeholder-inline-tasks"">Check the logs for any errors</span>",,,1141047298,2021-12-28 06:31:20.229,8a7f808974d653840174d851981b00da,,340,608,UNCHECKED,,249921538,true,true,prt-v2-neo: cloud based rolling Template
,"<span class=""placeholder-inline-tasks"">Access the Neo4j browser interface using the IP of one of the nodes of the newer cluster</span>",,,1141047298,2021-12-28 06:31:20.229,8a7f808974d653840174d851981b00da,,341,609,UNCHECKED,,249921538,true,true,prt-v2-neo: cloud based rolling Template
,"<span class=""placeholder-inline-tasks"">Fire up read queries</span>",,,1141047298,2021-12-28 06:31:20.229,8a7f808974d653840174d851981b00da,,342,610,UNCHECKED,,249921538,true,true,prt-v2-neo: cloud based rolling Template
,"<span class=""placeholder-inline-tasks""><strong>DNS cut-over</strong></span>",,,1141047298,2021-12-28 06:31:20.229,8a7f808974d653840174d851981b00da,,343,611,UNCHECKED,,249921538,true,true,prt-v2-neo: cloud based rolling Template
,"<span class=""placeholder-inline-tasks"">Update the DNS with IPs of newer cluster nodes.</span>",,,1141047298,2021-12-28 06:31:20.229,8a7f808974d653840174d851981b00da,,344,612,UNCHECKED,,249921538,true,true,prt-v2-neo: cloud based rolling Template
,"<span class=""placeholder-inline-tasks"">Wait for TTL time period(usually 300 secs) then try accessing the Neo4j browser console with DNS and follow the <code>Validate cluster state</code> step.</span>",,,1141047298,2021-12-28 06:31:20.229,8a7f808974d653840174d851981b00da,,345,613,UNCHECKED,,249921538,true,true,prt-v2-neo: cloud based rolling Template
,"<span class=""placeholder-inline-tasks""><strong>Detach the older cluster from the new cluster</strong></span>",,,1141047298,2021-12-28 06:31:20.229,8a7f808974d653840174d851981b00da,,346,614,UNCHECKED,,249921538,true,true,prt-v2-neo: cloud based rolling Template
,"<span class=""placeholder-inline-tasks"">Update the config to remove the IPs of older cluster nodes from the new cluster node</span>",,,1141047298,2021-12-28 06:31:20.229,8a7f808974d653840174d851981b00da,,347,615,UNCHECKED,,249921538,true,true,prt-v2-neo: cloud based rolling Template
,"<span class=""placeholder-inline-tasks"">Neo4j service restart</span>",,,1141047298,2021-12-28 06:31:20.229,8a7f808974d653840174d851981b00da,,348,616,UNCHECKED,,249921538,true,true,prt-v2-neo: cloud based rolling Template
,"<span class=""placeholder-inline-tasks"">Follow the <code>Validate cluster state</code> step.</span>",,,1141047298,2021-12-28 06:31:20.229,8a7f808974d653840174d851981b00da,,349,617,UNCHECKED,,249921538,true,true,prt-v2-neo: cloud based rolling Template
,"<span class=""placeholder-inline-tasks""><strong>Stop neo4j service on the older cluster nodes “one at a time“.</strong></span>",,,1141047298,2021-12-28 06:31:20.229,8a7f808974d653840174d851981b00da,,350,618,UNCHECKED,,249921538,true,true,prt-v2-neo: cloud based rolling Template
,"<span class=""placeholder-inline-tasks""><strong>Setup parallel cluster</strong></span>",,,1141047298,2021-12-28 06:31:20.229,8a7f808974d653840174d851981b00da,,351,619,UNCHECKED,,249921538,true,true,prt-v2-neo: cloud based rolling Template
,"<span class=""placeholder-inline-tasks"">Create droplets.</span>",,,1141047298,2021-12-28 06:31:20.229,8a7f808974d653840174d851981b00da,,352,620,UNCHECKED,,249921538,true,true,prt-v2-neo: cloud based rolling Template
,"<span class=""placeholder-inline-tasks"">Setup the firewall.</span>",,,1141047298,2021-12-28 06:31:20.229,8a7f808974d653840174d851981b00da,,353,621,UNCHECKED,,249921538,true,true,prt-v2-neo: cloud based rolling Template
,"<span class=""placeholder-inline-tasks"">Install neo4j with an appropriate configuration</span>",,,1141047298,2021-12-28 06:31:20.229,8a7f808974d653840174d851981b00da,,354,622,UNCHECKED,,249921538,true,true,prt-v2-neo: cloud based rolling Template
,"<span class=""placeholder-inline-tasks"">Regular config changes</span>",,,1141047298,2021-12-28 06:31:20.229,8a7f808974d653840174d851981b00da,,355,623,UNCHECKED,,249921538,true,true,prt-v2-neo: cloud based rolling Template
,"<span class=""placeholder-inline-tasks"">Update the apoc library by cp from lib folder to plugin.</span>",,,1141047298,2021-12-28 06:31:20.229,8a7f808974d653840174d851981b00da,,356,624,UNCHECKED,,249921538,true,true,prt-v2-neo: cloud based rolling Template
,"<span class=""placeholder-inline-tasks"">IP changes for cluster migration </span>",,,1141047298,2021-12-28 06:31:20.229,8a7f808974d653840174d851981b00da,,357,625,UNCHECKED,,249921538,true,true,prt-v2-neo: cloud based rolling Template
,"<span class=""placeholder-inline-tasks"">One node with IPs of all the old and new cluster nodes</span>",,,1141047298,2021-12-28 06:31:20.229,8a7f808974d653840174d851981b00da,,358,626,UNCHECKED,,249921538,true,true,prt-v2-neo: cloud based rolling Template
,"<span class=""placeholder-inline-tasks"">The remaining nodes will have IPs of new cluster nodes only</span>",,,1141047298,2021-12-28 06:31:20.229,8a7f808974d653840174d851981b00da,,359,627,UNCHECKED,,249921538,true,true,prt-v2-neo: cloud based rolling Template
,"<span class=""placeholder-inline-tasks""><strong>Validate cluster state</strong></span>",,,1141047298,2021-12-28 06:31:20.229,8a7f808974d653840174d851981b00da,,360,628,UNCHECKED,,249921538,true,true,prt-v2-neo: cloud based rolling Template
,"<span class=""placeholder-inline-tasks"">Check the logs for any errors</span>",,,1141047298,2021-12-28 06:31:20.229,8a7f808974d653840174d851981b00da,,361,629,UNCHECKED,,249921538,true,true,prt-v2-neo: cloud based rolling Template
,"<span class=""placeholder-inline-tasks"">Access the Neo4j browser interface using the IP of one of the nodes of the newer cluster</span>",,,1141047298,2021-12-28 06:31:20.229,8a7f808974d653840174d851981b00da,,362,630,UNCHECKED,,249921538,true,true,prt-v2-neo: cloud based rolling Template
,"<span class=""placeholder-inline-tasks"">Fire up read queries</span>",,,1141047298,2021-12-28 06:31:20.229,8a7f808974d653840174d851981b00da,,363,631,UNCHECKED,,249921538,true,true,prt-v2-neo: cloud based rolling Template
,"<span class=""placeholder-inline-tasks""><strong>DNS cut-over</strong></span>",,,1141047298,2021-12-28 06:31:20.229,8a7f808974d653840174d851981b00da,,364,632,UNCHECKED,,249921538,true,true,prt-v2-neo: cloud based rolling Template
,"<span class=""placeholder-inline-tasks"">Update the DNS with IPs of newer cluster nodes.</span>",,,1141047298,2021-12-28 06:31:20.229,8a7f808974d653840174d851981b00da,,365,633,UNCHECKED,,249921538,true,true,prt-v2-neo: cloud based rolling Template
,"<span class=""placeholder-inline-tasks"">Wait for TTL time period(usually 300 secs) then try accessing the Neo4j browser console with DNS and follow the <code>Validate cluster state</code> step.</span>",,,1141047298,2021-12-28 06:31:20.229,8a7f808974d653840174d851981b00da,,366,634,UNCHECKED,,249921538,true,true,prt-v2-neo: cloud based rolling Template
,"<span class=""placeholder-inline-tasks""><strong>Detach the older cluster from the new cluster</strong></span>",,,1141047298,2021-12-28 06:31:20.229,8a7f808974d653840174d851981b00da,,367,635,UNCHECKED,,249921538,true,true,prt-v2-neo: cloud based rolling Template
,"<span class=""placeholder-inline-tasks"">Update the config to remove the IPs of older cluster nodes from the new cluster node</span>",,,1141047298,2021-12-28 06:31:20.229,8a7f808974d653840174d851981b00da,,368,636,UNCHECKED,,249921538,true,true,prt-v2-neo: cloud based rolling Template
,"<span class=""placeholder-inline-tasks"">Neo4j service restart</span>",,,1141047298,2021-12-28 06:31:20.229,8a7f808974d653840174d851981b00da,,369,637,UNCHECKED,,249921538,true,true,prt-v2-neo: cloud based rolling Template
,"<span class=""placeholder-inline-tasks"">Follow the <code>Validate cluster state</code> step.</span>",,,1141047298,2021-12-28 06:31:20.229,8a7f808974d653840174d851981b00da,,370,638,UNCHECKED,,249921538,true,true,prt-v2-neo: cloud based rolling Template
,"<span class=""placeholder-inline-tasks""><strong>Install SSL on all nodes “one at a time“.</strong></span>",,,1141047298,2021-12-28 06:31:20.229,8a7f808974d653840174d851981b00da,,371,639,UNCHECKED,,249921538,true,true,prt-v2-neo: cloud based rolling Template
,"<span class=""placeholder-inline-tasks""><strong>Restart one at a time.</strong></span>",,,1141047298,2021-12-28 06:31:20.229,8a7f808974d653840174d851981b00da,,372,640,UNCHECKED,,249921538,true,true,prt-v2-neo: cloud based rolling Template
,"<span class=""placeholder-inline-tasks"">Add user in WorkSpace</span>",,,1148780545,2022-03-14 06:03:36.344,8a7f808a7f4ec64b017f4f09a4c20021,,415,112,UNCHECKED,2022-03-14 06:48:13.462,249921538,true,true,User Service Request
,"<span class=""placeholder-inline-tasks"">Slack</span>",,,1148780545,2022-03-14 06:03:36.344,8a7f808a7f4ec64b017f4f09a4c20021,,414,111,UNCHECKED,2022-03-14 06:48:13.447,249921538,true,true,User Service Request
,"<span class=""placeholder-inline-tasks"">Role: Admin</span>",,,1148780545,2022-03-14 06:03:36.344,8a7f808a7f4ec64b017f4f09a4c20021,,413,110,UNCHECKED,2022-03-14 06:48:13.428,249921538,true,true,User Service Request
,"<span class=""placeholder-inline-tasks"">Email/Password</span>",,,1148780545,2022-03-14 06:03:36.344,8a7f808a7f4ec64b017f4f09a4c20021,,412,109,UNCHECKED,,249921538,true,true,User Service Request
,"<span class=""placeholder-inline-tasks"">Grafana</span>",,,1148780545,2022-03-14 06:03:36.344,8a7f808a7f4ec64b017f4f09a4c20021,,411,108,UNCHECKED,2022-03-14 06:48:13.414,249921538,true,true,User Service Request
,"<span class=""placeholder-inline-tasks"">Role: Global Admin</span>",,,1148780545,2022-03-14 06:03:36.344,8a7f808a7f4ec64b017f4f09a4c20021,,410,107,UNCHECKED,2022-03-14 06:48:13.396,249921538,true,true,User Service Request
,"<span class=""placeholder-inline-tasks"">Email/Password</span>",,,1148780545,2022-03-14 06:03:36.344,8a7f808a7f4ec64b017f4f09a4c20021,,409,106,UNCHECKED,,249921538,true,true,User Service Request
,"<span class=""placeholder-inline-tasks"">VictorOps</span>",,,1148780545,2022-03-14 06:03:36.344,8a7f808a7f4ec64b017f4f09a4c20021,,408,105,UNCHECKED,,249921538,true,true,User Service Request
,"<span class=""placeholder-inline-tasks"">Add user in Group. </span>",,,1148780545,2022-03-14 06:03:36.344,8a7f808a7f4ec64b017f4f09a4c20021,,407,104,UNCHECKED,2022-03-14 06:48:13.382,249921538,true,true,User Service Request
,"<span class=""placeholder-inline-tasks"">Email/Password.</span>",,,1148780545,2022-03-14 06:03:36.344,8a7f808a7f4ec64b017f4f09a4c20021,,405,102,UNCHECKED,2022-03-14 06:48:13.368,249921538,true,true,User Service Request
,"<span class=""placeholder-inline-tasks"">DigitalOcean</span>",,,1148780545,2022-03-14 06:03:36.344,8a7f808a7f4ec64b017f4f09a4c20021,,404,101,UNCHECKED,2022-03-14 06:48:13.353,249921538,true,true,User Service Request
,"<span class=""placeholder-inline-tasks"">Digital Ocean User Creation (Owner: Fulcrumsaas)</span>",2022-03-28 06:10:05.231,8a7f808974d653840174d851981b00da,1149337601,2022-03-14 06:05:39.84,8a7f808a7f4ec64b017f4f09a4c20021,,416,101,CHECKED,2022-03-15 05:23:07.801,249921538,true,true,Jay Bamaniya - User Service Request
,"<span class=""placeholder-inline-tasks"">Email/Password</span>",2022-03-28 06:10:05.267,8a7f808974d653840174d851981b00da,1149337601,2022-03-14 06:05:39.84,8a7f808a7f4ec64b017f4f09a4c20021,,417,102,CHECKED,,249921538,true,true,Jay Bamaniya - User Service Request
,"<span class=""placeholder-inline-tasks"">Install an ssh key on the user&apos;s computer.</span>",2022-03-28 06:10:05.282,8a7f808974d653840174d851981b00da,1149337601,2022-03-14 06:05:39.84,8a7f808a7f4ec64b017f4f09a4c20021,,418,103,CHECKED,2022-03-14 06:53:32.541,249921538,true,true,Jay Bamaniya - User Service Request
,"<span class=""placeholder-inline-tasks"">Add user in Group </span>",2022-03-28 06:10:05.295,8a7f808974d653840174d851981b00da,1149337601,2022-03-14 06:05:39.84,8a7f808a7f4ec64b017f4f09a4c20021,,419,104,CHECKED,2022-03-14 06:53:32.551,249921538,true,true,Jay Bamaniya - User Service Request
,"<span class=""placeholder-inline-tasks"">VictorOps (Owner: Upvision)</span>",2022-07-18 10:21:54.706,8a7f808a7f4ec64b017f4f09a4c20021,1149337601,2022-03-14 06:05:39.84,8a7f808a7f4ec64b017f4f09a4c20021,,420,105,CHECKED,2022-03-15 05:23:07.808,249921538,true,true,Jay Bamaniya - User Service Request
,"<span class=""placeholder-inline-tasks"">Email/Password</span>",2022-07-18 10:21:54.734,8a7f808a7f4ec64b017f4f09a4c20021,1149337601,2022-03-14 06:05:39.84,8a7f808a7f4ec64b017f4f09a4c20021,,421,106,CHECKED,,249921538,true,true,Jay Bamaniya - User Service Request
,"<span class=""placeholder-inline-tasks"">Role: Global Admin</span>",2022-07-18 10:21:54.745,8a7f808a7f4ec64b017f4f09a4c20021,1149337601,2022-03-14 06:05:39.84,8a7f808a7f4ec64b017f4f09a4c20021,,422,107,CHECKED,2022-03-14 06:53:32.561,249921538,true,true,Jay Bamaniya - User Service Request
,"<span class=""placeholder-inline-tasks"">Grafana (Owner: Upvision)</span>",2022-03-28 06:10:12.852,8a7f808974d653840174d851981b00da,1149337601,2022-03-14 06:05:39.84,8a7f808a7f4ec64b017f4f09a4c20021,,423,108,CHECKED,2022-03-15 05:23:07.815,249921538,true,true,Jay Bamaniya - User Service Request
,"<span class=""placeholder-inline-tasks"">Add user in WorkSpace</span>",2022-03-28 06:10:09.115,8a7f808974d653840174d851981b00da,1149337601,2022-03-15 05:23:07.743,8a7f808974d653840174d851981b00da,,429,114,CHECKED,,249921538,true,true,Jay Bamaniya - User Service Request
,"<span class=""placeholder-inline-tasks"">Slack (Owner: Fulcrumsaas)</span>",2022-03-28 06:10:09.1,8a7f808974d653840174d851981b00da,1149337601,2022-03-15 05:23:07.743,8a7f808974d653840174d851981b00da,,428,113,CHECKED,,249921538,true,true,Jay Bamaniya - User Service Request
,"<span class=""placeholder-inline-tasks"">Role: Admin</span>",2022-03-28 06:10:12.877,8a7f808974d653840174d851981b00da,1149337601,2022-03-14 06:05:39.84,8a7f808a7f4ec64b017f4f09a4c20021,,425,110,CHECKED,2022-03-14 06:53:32.581,249921538,true,true,Jay Bamaniya - User Service Request
,"<span class=""placeholder-inline-tasks"">Email/Password</span>",2022-03-28 06:10:12.865,8a7f808974d653840174d851981b00da,1149337601,2022-03-14 06:05:39.84,8a7f808a7f4ec64b017f4f09a4c20021,,424,109,CHECKED,,249921538,true,true,Jay Bamaniya - User Service Request
